title,justification
used_tools,0
tools_errors,0
delegations,0
i18n,prompt_file=None
name,
prompt_context,
description,"Analyze the following articles and select the top 5 that represent weak signals or strong indicators of future change in society, technology, or the environment. Justify each selection briefly.

Title: Title: Why a NASA satellite that scientists and farmers rely on may be destroyed on purpose

Teaser: Teaser: A robotic arm attached to the International Space Station brings in the spacecraft carrying one of the two Orbiting Carbon Observatory instruments, known as OCO-3, in 2019. NASA has put out a call for private groups to potentially take over the cost of maintaining the instrument, which measures carbon dioxide in the Earth's atmosphere.NASA TV/NASAhide caption


Title: Title: As Trump's tariffs take shape, is America really winning?

Teaser: Teaser: President Trump announces an initial sweeping round of tariffs in the Rose Garden of the White House on April 2, 2025.Andrew Harnik/Getty Imageshide caption


Title: Title: What's the deal with electrolyte drinks — do you need them to stay hydrated?

Teaser: Teaser: Flat lay isotonic energy orange yellow and blue sport drink in plastic bottles on blue background. Allows to maintain the most optimal balance of waterVitaliy Krivchikov/iStockphoto/Getty Imageshide caption


Title: Title: Texas House Democrats break quorum and leave the state after a GOP redistricting map passes committee

Teaser: Teaser: The House Select Committee on Congressional Redistricting approved HB 4 by a vote of 12-6, August 2, 2025.Screenshot/Texas House of Representativeshide caption


Title: Title: Canadian wildfires cause poor air quality in the Midwest and Northeast U.S.

Teaser: Teaser: People sun tan in grass off the Lakefront Trail on the North Side as a haze of Canadian wildfire smoke blankets the Chicago area and creates poor air quality, Thursday, July 31, 2025.Ashlee Rezin/AP/Chicago Sun-Timeshide caption


Title: Title: Yosemite employees worked for weeks with no pay before the government hired them

Teaser: Teaser: Yosemite employees and locals protest the federal government's actions to reduce staffing at the Yosemite Village.Chiara Eisnerhide caption


Title: Title: How a public library's summer game took over a Michigan city

Teaser: Teaser: No teaser found


Title: Title: Leaves piled up after her husband's injury. Then a friend showed up with a rake

Teaser: Teaser: Eileen and Barney Freiberg-Dale in 2014.Freiberg-Dale family photohide caption


Title: Title: A Russian volcano erupts days after a monster quake shakes the region

Teaser: Teaser: This photo taken from video by Artem Sheldr shows an aerial view of the eruption of the Krasheninnikov volcano of the Eastern volcanic belt, about 200 km (125 miles) northeast of the regional center of Petropavlovsk-Kamchatsky, Russia far east, Sunday, Aug. 3, 2025.Artem Sheldr/APhide caption


Title: Title: No title found

Teaser: Teaser: No teaser found


Title: Title: No title found

Teaser: Teaser: No teaser found


Title: Title: No title found

Teaser: Teaser: No teaser found


Title: Title: No title found

Teaser: Teaser: No teaser found


Title: Title: No title found

Teaser: Teaser: No teaser found


Title: Title: Watch NPR's news roundup: A legislative standoff in Texas; a WKRP actress dies

Teaser: Teaser: Credit:Photo: NPR


Title: Title: In Gaza, more Palestinians are killed while waiting for food aid

Teaser: Teaser: Palestinians carry bags and folded cardboard boxes as they return from a food distribution point run by the U.S. and Israeli-backed Gaza Humanitarian Foundation group, near the Netsarim corridor in the central Gaza Strip on Saturday.Eyad Baba/AFP via Getty Imageshide caption


Title: Title: No title found

Teaser: Teaser: No teaser found


Title: Title: More than 3,000 Boeing workers begin a strike after rejecting a contract offer

Teaser: Teaser: A Boeing sign is pictured outside the Renton Production Facility in Renton, Washington, on November 3, 2024.Jason Redmond/AFP via Getty Imageshide caption


Title: Title: Fireboy DML: Tiny Desk (Home) Concert

Teaser: Teaser: Fireboy DML: Tiny Desk (Home) Concert


Title: Title: At least 68 African migrants die after a boat capsizes off the Yemen coast, the U.N. says

Teaser: Teaser: This is a locator map for Yemen with its capital, Sanaa.AP Photo/APhide caption


Title: Title: Fresh clashes break out in Syria as the interim government struggles to ease tensions

Teaser: Teaser: A Syrian security checkpoint is seen as forces deploy in Mazraa village on the outskirts of Sweida city, in southern Syria.Omar Sanadiki/APhide caption


Title: Title: Teen suicide is on the decline, new federal data shows

Teaser: Teaser: New federal statistics suggest a decline in rates of suicidal thoughts and behavior among teens.Mary Long/Getty Imageshide caption


Title: Title: No title found

Teaser: Teaser: No teaser found


Title: Title: The ad campaign that launched a thousand critiques: Sydney Sweeney's jeans

Teaser: Teaser: A screenshot from Sweeney's controversial ad that has since been deleted from social media.American Eaglehide caption


Title: Title: No title found

Teaser: Teaser: No teaser found


Title: Title: Meet Žibuoklė Martinaitytė, the composer who wants to get inside your head

Teaser: Teaser: The Lithuanian composer, now based in New York, creates layered, deliberate music that she hopes will grant listeners the freedom to enter an altered state of mind.


Title: Title: The Senate heads home with no confirmations deal  as an irate Trump tells Schumer to 'go to hell'

Teaser: Teaser: Sen. Minority Leader Chuck Schumer of N.Y., speaks during a news conference on tariffs, Thursday, July 31, 2025, in Washington.Mariam Zuhaib/APhide caption


Title: Title: The bodies of all 5 miners are found and identified in a Chilean mine collapse

Teaser: Teaser: Aerial view of El Teniente copper mine, operated by Codelco, where a collapse killed one worker and trapped five others underground, leading to a suspension of operations in Rancagua Chile.Esteban Felix/APhide caption


Title: Title: Tea encouraged its users to spill. Then the app's data got leaked

Teaser: Teaser: In this photo illustration, the Tea app logo is seen displayed on a smartphone screen. The dating advice app suffered a major data leak last month.SOPA Images/LightRocket via Getty Imageshide caption


Title: Title: Loni Anderson, a star of hit TV series 'WKRP in Cincinnati,' dies at 79

Teaser: Teaser: Loni Anderson arrives at the 22nd Annual Race To Erase MS Event held at the Hyatt Regency Century Plaza Hotel, Friday, April 24, 2015, in Los Angeles.Richard Shotwell/Invision/APhide caption


Title: Title: Many Canadians are avoiding American travel and goods amid Trump's trade war

Teaser: Teaser: President Trump announced that tariffs on Canadian goods would increase from 25% to 35%. The steep tariffs have sparked a movement in Canada to buy Canadian goods.North Country Public Radioshide caption


Title: Title: Remember running the mile in school? The Presidential Fitness Test is coming back

Teaser: Teaser: President Trump displays a signed executive order during Thursday's signing ceremony in the White House, surrounded by administration and professional athletes including golfer Bryson DeChambeau and WWE Chief Creative Officer Paul ""Triple H"" Levesque.Anna Moneymaker/Getty Imageshide caption


Title: Title: Officials scour a mountainous area for a suspect in a Montana bar shooting that killed 4

Teaser: Teaser: Law enforcement personnel respond to a reported shooting in Anaconda, Mont., on Friday.Joseph Scheller/The Montana Standard/APhide caption


Title: Title: There's a national shortage of public defenders. Here's why

Teaser: Teaser: A bar advocate holds up a sign says ""fair pay for bar advocates"" at a gathering on the staircase of the Mass. State House. (Robin Lubbock/WBUR)Robin Lubbock/WBURhide caption


Title: Title: Chile's plunging birth rate may foreshadow the future in the U.S.

Teaser: Teaser: Macarena Lagos, 18, F. Contreras, 21, and Mariana Sanhueza Weish, 22, are design students at the Catholic University in Santiago. All three voice strong reservations about having children.  Their reasons vary: one doesn't believe she would make a good mother, others want to pursue creative careers, and some feel the world is not a good place to raise children. Santiago, Chile, on Saturday, May. 10, 2025 / Tamara Merino for NPR.Tamara Merino for NPRhide caption


Title: Title: Corporation for Public Broadcasting says it's shutting down

Teaser: Teaser: Corporation for Public Broadcasting President and CEO Patricia de Stacy Harrison, shown here in 2017, announced on Friday that CPB would wind down operations by Sept. 30 after losing all federal funding.Zach Gibson/Getty Imageshide caption


Title: Title: Millions of Ukrainians abroad hope to return home once Russia's invasion ends

Teaser: Teaser: Iryna Schestova, 50, and her daughter Liia Kazakova, 26, sit in the living room of a friend's home in Horenychi, a suburb of Kyiv. Kazakova is staying in the home instead of with her mother because she can't sleep at night listening to the sounds of war from her mother's apartment in central Kyiv.Claire Harbage/NPRhide caption


Title: Title: The Senate confirms an ex-Fox News host as the top federal prosecutor for the nation's capital

Teaser: Teaser: Interim U.S. Attorney General for the District of Columbia Jeanine Pirro listens to President Donald Trump speak during her swearing in ceremony, May 28, 2025, in Washington.Evan Vucci/APhide caption


Title: Title: If compliments make you feel super awkward, this comic is for you

Teaser: Teaser: When someone says something nice about us, it can make us feel awkward and uncomfortable. Researchers explain the science behind those emotions — and make the case for accepting genuine praise.


Title: Title: No title found

Teaser: Teaser: No teaser found


Title: Title: Pope Leo tells 1 million Catholic youths that they are a sign that a 'different world is possible'

Teaser: Teaser: Pope Leo XIV holds a Mass with young people participating in the Youths Jubilee at the Tor Vergata field in Rome, Sunday, Aug. 3, 2025.Andrew Medichini/APhide caption


Title: Title: Alison Brie and Dave Franco discuss their horrific fictional relationship depicted in their new film 'Together'

Teaser: Teaser: Real-life couple Alison Brie and Dave Franco discuss how beneath the eerie plot and dark humor of their new film,Togetherexplores very-real, deep anxieties in modern relationships.


Title: Title: No title found

Teaser: Teaser: No teaser found


Title: Title: An FDA panel spread misinformation about SSRI use in pregnancy, alarming doctors

Teaser: Teaser: Doctors are criticizing a recent expert panel organized by the U.S. Food and Drug Administration that questioned the safety of taking antidepressants during pregnancy.Mykola Sosiukin/Getty Imageshide caption


Title: Title: No title found

Teaser: Teaser: No teaser found


Title: Title: Here's back-to-school advice from elementary to high school students

Teaser: Teaser: FILE - A student raises their hand in a classroom at Tussahaw Elementary school Aug. 4, 2021, in McDonough, Ga. According to test results released by the Georgia Department of Education on Friday, July 26, 2024, Georgia students in some grades approached pre-pandemic scores in the 2023-2024 school year, while other grades did not. (AP Photo/Brynn Anderson, File)Brynn Anderson/APhide caption


Title: Title: 5 tips to save money on back-to-school shopping — this weekend and beyond

Teaser: Teaser: A Target customer shops for school supplies. The average family is projected to spend $875 on back-to-school shopping in 2024, according to the National Retail Federation.Justin Sullivan/Getty Imageshide caption


Title: Title: These tips can help parents support their kids this school year

Teaser: Teaser: No teaser found


Title: Title: Math anxiety is real. Here's how to help your child avoid it

Teaser: Teaser: Teaching kids math doesn't need to involve a textbook.LA Johnson/NPRhide caption


Title: Title: How to show up for teens when big emotions arise

Teaser: Teaser: No teaser found


Title: Title: Why a NASA satellite that scientists and farmers rely on may be destroyed on purpose

Teaser: Teaser: A robotic arm attached to the International Space Station brings in the spacecraft carrying one of the two Orbiting Carbon Observatory instruments, known as OCO-3, in 2019. NASA has put out a call for private groups to potentially take over the cost of maintaining the instrument, which measures carbon dioxide in the Earth's atmosphere.NASA TV/NASAhide caption


Title: Title: Why a NASA satellite that scientists and farmers rely on may be destroyed on purpose

Teaser: Teaser: A robotic arm attached to the International Space Station brings in the spacecraft carrying one of the two Orbiting Carbon Observatory instruments, known as OCO-3, in 2019. NASA has put out a call for private groups to potentially take over the cost of maintaining the instrument, which measures carbon dioxide in the Earth's atmosphere.NASA TV/NASAhide caption


Title: Title: Why a NASA satellite that scientists and farmers rely on may be destroyed on purpose

Teaser: Teaser: The Trump administration has asked NASA staffers to draw up plans to end at least two satellite missions that measure carbon dioxide in the atmosphere, according to current and former NASA employees.


Title: Title: As Trump's tariffs take shape, is America really winning?

Teaser: Teaser: President Trump announces an initial sweeping round of tariffs in the Rose Garden of the White House on April 2, 2025.Andrew Harnik/Getty Imageshide caption


Title: Title: As Trump's tariffs take shape, is America really winning?

Teaser: Teaser: President Trump announces an initial sweeping round of tariffs in the Rose Garden of the White House on April 2, 2025.Andrew Harnik/Getty Imageshide caption


Title: Title: As Trump's tariffs take shape, is America really winning?

Teaser: Teaser: No teaser found


Title: Title: What's the deal with electrolyte drinks — do you need them to stay hydrated?

Teaser: Teaser: Flat lay isotonic energy orange yellow and blue sport drink in plastic bottles on blue background. Allows to maintain the most optimal balance of waterVitaliy Krivchikov/iStockphoto/Getty Imageshide caption


Title: Title: What's the deal with electrolyte drinks — do you need them to stay hydrated?

Teaser: Teaser: Flat lay isotonic energy orange yellow and blue sport drink in plastic bottles on blue background. Allows to maintain the most optimal balance of waterVitaliy Krivchikov/iStockphoto/Getty Imageshide caption


Title: Title: What's the deal with electrolyte drinks — do you need them to stay hydrated?

Teaser: Teaser: No teaser found


Title: Title: Texas House Democrats break quorum and leave the state after a GOP redistricting map passes committee

Teaser: Teaser: The House Select Committee on Congressional Redistricting approved HB 4 by a vote of 12-6, August 2, 2025.Screenshot/Texas House of Representativeshide caption


Title: Title: Texas House Democrats break quorum and leave the state after a GOP redistricting map passes committee

Teaser: Teaser: The House Select Committee on Congressional Redistricting approved HB 4 by a vote of 12-6, August 2, 2025.Screenshot/Texas House of Representativeshide caption


Title: Title: Texas House Democrats break quorum and leave the state after a GOP redistricting map passes committee

Teaser: Teaser: No teaser found


Title: Title: Canadian wildfires cause poor air quality in the Midwest and Northeast U.S.

Teaser: Teaser: People sun tan in grass off the Lakefront Trail on the North Side as a haze of Canadian wildfire smoke blankets the Chicago area and creates poor air quality, Thursday, July 31, 2025.Ashlee Rezin/AP/Chicago Sun-Timeshide caption


Title: Title: Canadian wildfires cause poor air quality in the Midwest and Northeast U.S.

Teaser: Teaser: People sun tan in grass off the Lakefront Trail on the North Side as a haze of Canadian wildfire smoke blankets the Chicago area and creates poor air quality, Thursday, July 31, 2025.Ashlee Rezin/AP/Chicago Sun-Timeshide caption


Title: Title: Canadian wildfires cause poor air quality in the Midwest and Northeast U.S.

Teaser: Teaser: No teaser found


Title: Title: Yosemite employees worked for weeks with no pay before the government hired them

Teaser: Teaser: Yosemite employees and locals protest the federal government's actions to reduce staffing at the Yosemite Village.Chiara Eisnerhide caption


Title: Title: Yosemite employees worked for weeks with no pay before the government hired them

Teaser: Teaser: Yosemite employees and locals protest the federal government's actions to reduce staffing at the Yosemite Village.Chiara Eisnerhide caption


Title: Title: Yosemite employees worked for weeks with no pay before the government hired them

Teaser: Teaser: No teaser found


Title: Title: How a public library's summer game took over a Michigan city

Teaser: Teaser: No teaser found


Title: Title: How a public library's summer game took over a Michigan city

Teaser: Teaser: No teaser found


Title: Title: How a public library's summer game took over a Michigan city

Teaser: Teaser: No teaser found


Title: Title: Leaves piled up after her husband's injury. Then a friend showed up with a rake

Teaser: Teaser: Eileen and Barney Freiberg-Dale in 2014.Freiberg-Dale family photohide caption


Title: Title: Leaves piled up after her husband's injury. Then a friend showed up with a rake

Teaser: Teaser: Eileen and Barney Freiberg-Dale in 2014.Freiberg-Dale family photohide caption


Title: Title: Leaves piled up after her husband's injury. Then a friend showed up with a rake

Teaser: Teaser: No teaser found


Title: Title: A Russian volcano erupts days after a monster quake shakes the region

Teaser: Teaser: This photo taken from video by Artem Sheldr shows an aerial view of the eruption of the Krasheninnikov volcano of the Eastern volcanic belt, about 200 km (125 miles) northeast of the regional center of Petropavlovsk-Kamchatsky, Russia far east, Sunday, Aug. 3, 2025.Artem Sheldr/APhide caption


Title: Title: A Russian volcano erupts days after a monster quake shakes the region

Teaser: Teaser: This photo taken from video by Artem Sheldr shows an aerial view of the eruption of the Krasheninnikov volcano of the Eastern volcanic belt, about 200 km (125 miles) northeast of the regional center of Petropavlovsk-Kamchatsky, Russia far east, Sunday, Aug. 3, 2025.Artem Sheldr/APhide caption


Title: Title: A Russian volcano erupts days after a monster quake shakes the region

Teaser: Teaser: No teaser found


Title: Title: Watch NPR's news roundup: A legislative standoff in Texas; a WKRP actress dies

Teaser: Teaser: Credit:Photo: NPR


Title: Title: Watch NPR's news roundup: A legislative standoff in Texas; a WKRP actress dies

Teaser: Teaser: Dozens of Democratic lawmakers have fled the state to block a GOP-backed redistricting vote. Loni Anderson has died at 79.


Title: Title: Watch NPR's news roundup: A legislative standoff in Texas; a WKRP actress dies

Teaser: Teaser: Dozens of Democratic lawmakers have fled the state to block a GOP-backed redistricting vote. Loni Anderson has died at 79.


Title: Title: In Gaza, more Palestinians are killed while waiting for food aid

Teaser: Teaser: Palestinians carry bags and folded cardboard boxes as they return from a food distribution point run by the U.S. and Israeli-backed Gaza Humanitarian Foundation group, near the Netsarim corridor in the central Gaza Strip on Saturday.Eyad Baba/AFP via Getty Imageshide caption


Title: Title: In Gaza, more Palestinians are killed while waiting for food aid

Teaser: Teaser: Palestinians carry bags and folded cardboard boxes as they return from a food distribution point run by the U.S. and Israeli-backed Gaza Humanitarian Foundation group, near the Netsarim corridor in the central Gaza Strip on Saturday.Eyad Baba/AFP via Getty Imageshide caption


Title: Title: In Gaza, more Palestinians are killed while waiting for food aid

Teaser: Teaser: Dozens of Palestinians were killed, many while waiting for food aid, amid a deepening starvation crisis and despite Israeli assurances of a humanitarian pause in some areas of the territory.


Title: Title: More than 3,000 Boeing workers begin a strike after rejecting a contract offer

Teaser: Teaser: A Boeing sign is pictured outside the Renton Production Facility in Renton, Washington, on November 3, 2024.Jason Redmond/AFP via Getty Imageshide caption


Title: Title: More than 3,000 Boeing workers begin a strike after rejecting a contract offer

Teaser: Teaser: A Boeing sign is pictured outside the Renton Production Facility in Renton, Washington, on November 3, 2024.Jason Redmond/AFP via Getty Imageshide caption


Title: Title: More than 3,000 Boeing workers begin a strike after rejecting a contract offer

Teaser: Teaser: Roughly 3,200 workers are striking at sites in Missouri and Illinois. Members of the labor union representing the workers rejected a modified contract offered by Boeing last week.


Title: Title: Fireboy DML: Tiny Desk (Home) Concert

Teaser: Teaser: Fireboy DML: Tiny Desk (Home) Concert


Title: Title: Fireboy DML: Tiny Desk (Home) Concert

Teaser: Teaser: Surrounded by lush greenery and soft lavender lighting, Fireboy DML makes his Tiny Desk (home) concert debut from Lagos, Nigeria.


Title: Title: Fireboy DML: Tiny Desk (Home) Concert

Teaser: Teaser: Surrounded by lush greenery and soft lavender lighting, Fireboy DML makes his Tiny Desk (home) concert debut from Lagos, Nigeria.


Title: Title: At least 68 African migrants die after a boat capsizes off the Yemen coast, the U.N. says

Teaser: Teaser: This is a locator map for Yemen with its capital, Sanaa.AP Photo/APhide caption


Title: Title: At least 68 African migrants die after a boat capsizes off the Yemen coast, the U.N. says

Teaser: Teaser: This is a locator map for Yemen with its capital, Sanaa.AP Photo/APhide caption


Title: Title: At least 68 African migrants die after a boat capsizes off the Yemen coast, the U.N. says

Teaser: Teaser: More than 150 Ethiopian migrants were on board the boat when it sank in the Gulf of Aden off the southern Yemeni province of Abyan, the International Organization for Migration in Yemen said.


Title: Title: Fresh clashes break out in Syria as the interim government struggles to ease tensions

Teaser: Teaser: A Syrian security checkpoint is seen as forces deploy in Mazraa village on the outskirts of Sweida city, in southern Syria.Omar Sanadiki/APhide caption


Title: Title: Fresh clashes break out in Syria as the interim government struggles to ease tensions

Teaser: Teaser: A Syrian security checkpoint is seen as forces deploy in Mazraa village on the outskirts of Sweida city, in southern Syria.Omar Sanadiki/APhide caption


Title: Title: Fresh clashes break out in Syria as the interim government struggles to ease tensions

Teaser: Teaser: The Syrian government under interim President Ahmad al-Sharaa has been struggling to consolidate control since he led a surprise insurgency that ousted former President Bashar Assad in December.


Title: Title: Teen suicide is on the decline, new federal data shows

Teaser: Teaser: New federal statistics suggest a decline in rates of suicidal thoughts and behavior among teens.Mary Long/Getty Imageshide caption


Title: Title: Teen suicide is on the decline, new federal data shows

Teaser: Teaser: New federal statistics suggest a decline in rates of suicidal thoughts and behavior among teens.Mary Long/Getty Imageshide caption


Title: Title: Teen suicide is on the decline, new federal data shows

Teaser: Teaser: The 2024 National Survey on Drug Use and Health report found that in recent years, depression and suicidal thoughts and behaviors in teens have declined.


Title: Title: The ad campaign that launched a thousand critiques: Sydney Sweeney's jeans

Teaser: Teaser: A screenshot from Sweeney's controversial ad that has since been deleted from social media.American Eaglehide caption


Title: Title: The ad campaign that launched a thousand critiques: Sydney Sweeney's jeans

Teaser: Teaser: A screenshot from Sweeney's controversial ad that has since been deleted from social media.American Eaglehide caption


Title: Title: The ad campaign that launched a thousand critiques: Sydney Sweeney's jeans

Teaser: Teaser: One topic dominated online conversation this week: the American Eagle jeans ad featuring actress Sydney Sweeney. We break down why people are so worked up about it.


Title: Title: Meet Žibuoklė Martinaitytė, the composer who wants to get inside your head

Teaser: Teaser: The Lithuanian composer, now based in New York, creates layered, deliberate music that she hopes will grant listeners the freedom to enter an altered state of mind.


Title: Title: Meet Žibuoklė Martinaitytė, the composer who wants to get inside your head

Teaser: Teaser: The Lithuanian composer, now based in New York, creates layered, deliberate music that she hopes will grant listeners the freedom to enter an altered state of mind.


Title: Title: Meet Žibuoklė Martinaitytė, the composer who wants to get inside your head

Teaser: Teaser: The Lithuanian composer, now based in New York, creates layered, deliberate music that she hopes will grant listeners the freedom to enter an altered state of mind.


Title: Title: The Senate heads home with no confirmations deal  as an irate Trump tells Schumer to 'go to hell'

Teaser: Teaser: Sen. Minority Leader Chuck Schumer of N.Y., speaks during a news conference on tariffs, Thursday, July 31, 2025, in Washington.Mariam Zuhaib/APhide caption


Title: Title: The Senate heads home with no confirmations deal  as an irate Trump tells Schumer to 'go to hell'

Teaser: Teaser: Sen. Minority Leader Chuck Schumer of N.Y., speaks during a news conference on tariffs, Thursday, July 31, 2025, in Washington.Mariam Zuhaib/APhide caption


Title: Title: The Senate heads home with no confirmations deal  as an irate Trump tells Schumer to 'go to hell'

Teaser: Teaser: Without a deal in hand, Republicans say they may try to change Senate rules when they return in September to speed up the pace of confirmations.


Title: Title: The bodies of all 5 miners are found and identified in a Chilean mine collapse

Teaser: Teaser: Aerial view of El Teniente copper mine, operated by Codelco, where a collapse killed one worker and trapped five others underground, leading to a suspension of operations in Rancagua Chile.Esteban Felix/APhide caption


Title: Title: The bodies of all 5 miners are found and identified in a Chilean mine collapse

Teaser: Teaser: Aerial view of El Teniente copper mine, operated by Codelco, where a collapse killed one worker and trapped five others underground, leading to a suspension of operations in Rancagua Chile.Esteban Felix/APhide caption


Title: Title: The bodies of all 5 miners are found and identified in a Chilean mine collapse

Teaser: Teaser: The five miners were trapped deep inside Chile's El Teniente mine on Thursday after a section of the mine collapsed following a 4.2 magnitude earthquake.


Title: Title: Tea encouraged its users to spill. Then the app's data got leaked

Teaser: Teaser: In this photo illustration, the Tea app logo is seen displayed on a smartphone screen. The dating advice app suffered a major data leak last month.SOPA Images/LightRocket via Getty Imageshide caption


Title: Title: Tea encouraged its users to spill. Then the app's data got leaked

Teaser: Teaser: In this photo illustration, the Tea app logo is seen displayed on a smartphone screen. The dating advice app suffered a major data leak last month.SOPA Images/LightRocket via Getty Imageshide caption


Title: Title: Tea encouraged its users to spill. Then the app's data got leaked

Teaser: Teaser: A popular women's dating advice app suffered a major data breach, revealing users' drivers' licenses, messages and other sensitive information. The hack put a spotlight on the flaws in ""whisper networks.""


Title: Title: Loni Anderson, a star of hit TV series 'WKRP in Cincinnati,' dies at 79

Teaser: Teaser: Loni Anderson arrives at the 22nd Annual Race To Erase MS Event held at the Hyatt Regency Century Plaza Hotel, Friday, April 24, 2015, in Los Angeles.Richard Shotwell/Invision/APhide caption


Title: Title: Loni Anderson, a star of hit TV series 'WKRP in Cincinnati,' dies at 79

Teaser: Teaser: Loni Anderson arrives at the 22nd Annual Race To Erase MS Event held at the Hyatt Regency Century Plaza Hotel, Friday, April 24, 2015, in Los Angeles.Richard Shotwell/Invision/APhide caption


Title: Title: Loni Anderson, a star of hit TV series 'WKRP in Cincinnati,' dies at 79

Teaser: Teaser: Loni Anderson died at a Los Angeles hospital following a prolonged illness, according to her longtime publicist, Cheryl J. Kagan.


Title: Title: Many Canadians are avoiding American travel and goods amid Trump's trade war

Teaser: Teaser: President Trump announced that tariffs on Canadian goods would increase from 25% to 35%. The steep tariffs have sparked a movement in Canada to buy Canadian goods.North Country Public Radioshide caption


Title: Title: Many Canadians are avoiding American travel and goods amid Trump's trade war

Teaser: Teaser: President Trump announced that tariffs on Canadian goods would increase from 25% to 35%. The steep tariffs have sparked a movement in Canada to buy Canadian goods.North Country Public Radioshide caption


Title: Title: Many Canadians are avoiding American travel and goods amid Trump's trade war

Teaser: Teaser: President Trump has announced that tariffs on Canadian goods would increase from 25 to 35%. The steep tariffs have sparked a movement in Canada to buy Canadian and avoid travel to the U.S.


Title: Title: Remember running the mile in school? The Presidential Fitness Test is coming back

Teaser: Teaser: President Trump displays a signed executive order during Thursday's signing ceremony in the White House, surrounded by administration and professional athletes including golfer Bryson DeChambeau and WWE Chief Creative Officer Paul ""Triple H"" Levesque.Anna Moneymaker/Getty Imageshide caption


Title: Title: Remember running the mile in school? The Presidential Fitness Test is coming back

Teaser: Teaser: President Trump displays a signed executive order during Thursday's signing ceremony in the White House, surrounded by administration and professional athletes including golfer Bryson DeChambeau and WWE Chief Creative Officer Paul ""Triple H"" Levesque.Anna Moneymaker/Getty Imageshide caption


Title: Title: Remember running the mile in school? The Presidential Fitness Test is coming back

Teaser: Teaser: The Cold War-era test was a staple of school gyms for half a century before the Obama administration replaced it. Trump says his focus on childhood fitness is for both physical and patriotic reasons.


Title: Title: Officials scour a mountainous area for a suspect in a Montana bar shooting that killed 4

Teaser: Teaser: Law enforcement personnel respond to a reported shooting in Anaconda, Mont., on Friday.Joseph Scheller/The Montana Standard/APhide caption


Title: Title: Officials scour a mountainous area for a suspect in a Montana bar shooting that killed 4

Teaser: Teaser: Law enforcement personnel respond to a reported shooting in Anaconda, Mont., on Friday.Joseph Scheller/The Montana Standard/APhide caption


Title: Title: Officials scour a mountainous area for a suspect in a Montana bar shooting that killed 4

Teaser: Teaser: Authorities were scouring a mountainous area of western Montana for a military veteran who they say opened fire at a bar in the small town of Anaconda, killing four people.


Title: Title: There's a national shortage of public defenders. Here's why

Teaser: Teaser: A bar advocate holds up a sign says ""fair pay for bar advocates"" at a gathering on the staircase of the Mass. State House. (Robin Lubbock/WBUR)Robin Lubbock/WBURhide caption


Title: Title: There's a national shortage of public defenders. Here's why

Teaser: Teaser: A bar advocate holds up a sign says ""fair pay for bar advocates"" at a gathering on the staircase of the Mass. State House. (Robin Lubbock/WBUR)Robin Lubbock/WBURhide caption


Title: Title: There's a national shortage of public defenders. Here's why

Teaser: Teaser: States are struggling to maintain a roster of attorneys to take on public defense cases. The number of criminal cases is rising while more attorneys are balking at what they say are low rates of pay to do the work.


Title: Title: Chile's plunging birth rate may foreshadow the future in the U.S.

Teaser: Teaser: Macarena Lagos, 18, F. Contreras, 21, and Mariana Sanhueza Weish, 22, are design students at the Catholic University in Santiago. All three voice strong reservations about having children.  Their reasons vary: one doesn't believe she would make a good mother, others want to pursue creative careers, and some feel the world is not a good place to raise children. Santiago, Chile, on Saturday, May. 10, 2025 / Tamara Merino for NPR.Tamara Merino for NPRhide caption


Title: Title: Chile's plunging birth rate may foreshadow the future in the U.S.

Teaser: Teaser: Macarena Lagos, 18, F. Contreras, 21, and Mariana Sanhueza Weish, 22, are design students at the Catholic University in Santiago. All three voice strong reservations about having children.  Their reasons vary: one doesn't believe she would make a good mother, others want to pursue creative careers, and some feel the world is not a good place to raise children. Santiago, Chile, on Saturday, May. 10, 2025 / Tamara Merino for NPR.Tamara Merino for NPRhide caption


Title: Title: Chile's plunging birth rate may foreshadow the future in the U.S.

Teaser: Teaser: Chilean families are having only one child on average. U.S. birthrates are also dropping but it's unclear whether the U.S. will follow into the growing group of ""very low"" birthrate countries.


Title: Title: Corporation for Public Broadcasting says it's shutting down

Teaser: Teaser: Corporation for Public Broadcasting President and CEO Patricia de Stacy Harrison, shown here in 2017, announced on Friday that CPB would wind down operations by Sept. 30 after losing all federal funding.Zach Gibson/Getty Imageshide caption


Title: Title: Corporation for Public Broadcasting says it's shutting down

Teaser: Teaser: Corporation for Public Broadcasting President and CEO Patricia de Stacy Harrison, shown here in 2017, announced on Friday that CPB would wind down operations by Sept. 30 after losing all federal funding.Zach Gibson/Getty Imageshide caption


Title: Title: Corporation for Public Broadcasting says it's shutting down

Teaser: Teaser: The Corporation for Public Broadcasting, which funnels federal money to public media stations, says it's winding down operations after President Trump signed a law rescinding all funding.


Title: Title: Millions of Ukrainians abroad hope to return home once Russia's invasion ends

Teaser: Teaser: Iryna Schestova, 50, and her daughter Liia Kazakova, 26, sit in the living room of a friend's home in Horenychi, a suburb of Kyiv. Kazakova is staying in the home instead of with her mother because she can't sleep at night listening to the sounds of war from her mother's apartment in central Kyiv.Claire Harbage/NPRhide caption


Title: Title: Millions of Ukrainians abroad hope to return home once Russia's invasion ends

Teaser: Teaser: Iryna Schestova, 50, and her daughter Liia Kazakova, 26, sit in the living room of a friend's home in Horenychi, a suburb of Kyiv. Kazakova is staying in the home instead of with her mother because she can't sleep at night listening to the sounds of war from her mother's apartment in central Kyiv.Claire Harbage/NPRhide caption


Title: Title: Millions of Ukrainians abroad hope to return home once Russia's invasion ends

Teaser: Teaser: Some Ukrainians have already returned after fleeing Russia's invasion, and almost half of the more than 5 million still abroad want to, according to a survey this year.


Title: Title: The Senate confirms an ex-Fox News host as the top federal prosecutor for the nation's capital

Teaser: Teaser: Interim U.S. Attorney General for the District of Columbia Jeanine Pirro listens to President Donald Trump speak during her swearing in ceremony, May 28, 2025, in Washington.Evan Vucci/APhide caption


Title: Title: The Senate confirms an ex-Fox News host as the top federal prosecutor for the nation's capital

Teaser: Teaser: Interim U.S. Attorney General for the District of Columbia Jeanine Pirro listens to President Donald Trump speak during her swearing in ceremony, May 28, 2025, in Washington.Evan Vucci/APhide caption


Title: Title: The Senate confirms an ex-Fox News host as the top federal prosecutor for the nation's capital

Teaser: Teaser: The Senate confirmed ex-Fox News host Jeanine Pirro as top federal prosecutor for the nation's capital, after President Trump withdrew his controversial first pick, conservative activist Ed Martin Jr.


Title: Title: If compliments make you feel super awkward, this comic is for you

Teaser: Teaser: When someone says something nice about us, it can make us feel awkward and uncomfortable. Researchers explain the science behind those emotions — and make the case for accepting genuine praise.


Title: Title: If compliments make you feel super awkward, this comic is for you

Teaser: Teaser: When someone says something nice about us, it can make us feel awkward and uncomfortable. Researchers explain the science behind those emotions — and make the case for accepting genuine praise.


Title: Title: If compliments make you feel super awkward, this comic is for you

Teaser: Teaser: When someone says something nice about us, it can make us feel awkward and uncomfortable. Researchers explain the science behind those emotions — and make the case for accepting genuine praise.


Title: Title: Pope Leo tells 1 million Catholic youths that they are a sign that a 'different world is possible'

Teaser: Teaser: Pope Leo XIV holds a Mass with young people participating in the Youths Jubilee at the Tor Vergata field in Rome, Sunday, Aug. 3, 2025.Andrew Medichini/APhide caption


Title: Title: Pope Leo tells 1 million Catholic youths that they are a sign that a 'different world is possible'

Teaser: Teaser: Pope Leo XIV holds a Mass with young people participating in the Youths Jubilee at the Tor Vergata field in Rome, Sunday, Aug. 3, 2025.Andrew Medichini/APhide caption


Title: Title: Pope Leo tells 1 million Catholic youths that they are a sign that a 'different world is possible'

Teaser: Teaser: In his closing blessing for the Jubilee of Youth, Leo remembered the young people of Gaza and Ukraine and other countries ""bloodied by war"" who could not join their celebration.


Title: Title: Alison Brie and Dave Franco discuss their horrific fictional relationship depicted in their new film 'Together'

Teaser: Teaser: Real-life couple Alison Brie and Dave Franco discuss how beneath the eerie plot and dark humor of their new film,Togetherexplores very-real, deep anxieties in modern relationships.


Title: Title: Alison Brie and Dave Franco discuss their horrific fictional relationship depicted in their new film 'Together'

Teaser: Teaser: Real-life couple Alison Brie and Dave Franco discuss how beneath the eerie plot and dark humor of their new film,Togetherexplores very-real, deep anxieties in modern relationships.


Title: Title: Alison Brie and Dave Franco discuss their horrific fictional relationship depicted in their new film 'Together'

Teaser: Teaser: Real-life couple Alison Brie and Dave Franco discuss how beneath the eerie plot and dark humor of their new film,Togetherexplores very-real, deep anxieties in modern relationships.


Title: Title: An FDA panel spread misinformation about SSRI use in pregnancy, alarming doctors

Teaser: Teaser: Doctors are criticizing a recent expert panel organized by the U.S. Food and Drug Administration that questioned the safety of taking antidepressants during pregnancy.Mykola Sosiukin/Getty Imageshide caption


Title: Title: An FDA panel spread misinformation about SSRI use in pregnancy, alarming doctors

Teaser: Teaser: Doctors are criticizing a recent expert panel organized by the U.S. Food and Drug Administration that questioned the safety of taking antidepressants during pregnancy.Mykola Sosiukin/Getty Imageshide caption


Title: Title: An FDA panel spread misinformation about SSRI use in pregnancy, alarming doctors

Teaser: Teaser: A panel organized by the FDA cast doubts on the safety of antidepressants during pregnancy — drawing ire from doctors who say SSRIs are a crucial treatment option for women with perinatal depression.


Title: Title: Here's back-to-school advice from elementary to high school students

Teaser: Teaser: FILE - A student raises their hand in a classroom at Tussahaw Elementary school Aug. 4, 2021, in McDonough, Ga. According to test results released by the Georgia Department of Education on Friday, July 26, 2024, Georgia students in some grades approached pre-pandemic scores in the 2023-2024 school year, while other grades did not. (AP Photo/Brynn Anderson, File)Brynn Anderson/APhide caption


Title: Title: Here's back-to-school advice from elementary to high school students

Teaser: Teaser: FILE - A student raises their hand in a classroom at Tussahaw Elementary school Aug. 4, 2021, in McDonough, Ga. According to test results released by the Georgia Department of Education on Friday, July 26, 2024, Georgia students in some grades approached pre-pandemic scores in the 2023-2024 school year, while other grades did not. (AP Photo/Brynn Anderson, File)Brynn Anderson/APhide caption


Title: Title: Here's back-to-school advice from elementary to high school students

Teaser: Teaser: NPR asked elementary to high school students heading back to school to weigh in on what they're doing to prepare for the upcoming school year. They answered the call with advice for their peers.


Title: Title: 5 tips to save money on back-to-school shopping — this weekend and beyond

Teaser: Teaser: A Target customer shops for school supplies. The average family is projected to spend $875 on back-to-school shopping in 2024, according to the National Retail Federation.Justin Sullivan/Getty Imageshide caption


Title: Title: 5 tips to save money on back-to-school shopping — this weekend and beyond

Teaser: Teaser: A Target customer shops for school supplies. The average family is projected to spend $875 on back-to-school shopping in 2024, according to the National Retail Federation.Justin Sullivan/Getty Imageshide caption


Title: Title: 5 tips to save money on back-to-school shopping — this weekend and beyond

Teaser: Teaser: No teaser found


Title: Title: These tips can help parents support their kids this school year

Teaser: Teaser: No teaser found


Title: Title: These tips can help parents support their kids this school year

Teaser: Teaser: No teaser found


Title: Title: These tips can help parents support their kids this school year

Teaser: Teaser: No teaser found


Title: Title: Math anxiety is real. Here's how to help your child avoid it

Teaser: Teaser: Teaching kids math doesn't need to involve a textbook.LA Johnson/NPRhide caption


Title: Title: Math anxiety is real. Here's how to help your child avoid it

Teaser: Teaser: Teaching kids math doesn't need to involve a textbook.LA Johnson/NPRhide caption


Title: Title: Math anxiety is real. Here's how to help your child avoid it

Teaser: Teaser: No teaser found


Title: Title: How to show up for teens when big emotions arise

Teaser: Teaser: No teaser found


Title: Title: How to show up for teens when big emotions arise

Teaser: Teaser: No teaser found


Title: Title: How to show up for teens when big emotions arise

Teaser: Teaser: No teaser found


Title: Title: No title found

Teaser: Teaser: No teaser found


Title: Title: No title found

Teaser: Teaser: The comments come as Trump's deadline for Russia to agree a ceasefire with Ukraine or face sanctions edges closer.
"
expected_output,A list of 5 articles with titles and brief justification for why each is a signal of future change.
config,
callback,
agent,"id=UUID('39aaf322-7765-4f3c-a244-2c7eeed070a8') role='Foresight Analyst' goal='Identify signals of future societal or technological change from real articles' backstory='You are an expert at detecting weak signals and early indicators of major future shifts.' config=None cache=True verbose=False max_rpm=None allow_delegation=False tools=[] max_iter=25 agent_executor=<crewai.agents.crew_agent_executor.CrewAgentExecutor object at 0x162c21e80> llm=<crewai.llm.LLM object at 0x162c21fd0> crew=None i18n=I18N(prompt_file=None) cache_handler=CacheHandler() tools_handler=<crewai.agents.tools_handler.ToolsHandler object at 0x162c61090> tools_results=[] max_tokens=None knowledge=None knowledge_sources=None knowledge_storage=None security_config=SecurityConfig(version='1.0.0', fingerprint=Fingerprint(uuid_str='77411299-8dc5-4a8b-80fa-baa5889e45a9', created_at=datetime.datetime(2025, 8, 4, 10, 10, 49, 735200), metadata={})) callbacks=[] adapted_agent=False knowledge_config=None max_execution_time=None agent_ops_agent_name='Foresight Analyst' agent_ops_agent_id=None step_callback=None use_system_prompt=True function_calling_llm=None system_template=None prompt_template=None response_template=None allow_code_execution=False respect_context_window=True max_retry_limit=2 multimodal=False inject_date=False date_format='%Y-%m-%d' code_execution_mode='safe' reasoning=False max_reasoning_attempts=None embedder=None agent_knowledge_context=None crew_knowledge_context=None knowledge_search_query=None from_repository=None guardrail=None guardrail_max_retries=3"
context,NOT_SPECIFIED
async_execution,False
output_json,
output_pydantic,
output_file,
output,
tools,[]
security_config,"version='1.0.0' fingerprint=Fingerprint(uuid_str='b26ce688-ac6b-409d-86cb-b7c5cd79a682', created_at=datetime.datetime(2025, 8, 4, 10, 10, 50, 218793), metadata={})"
id,53d907fb-bf2d-4552-88be-bd56976a9860
human_input,False
markdown,False
converter_cls,
processed_by_agents,set()
guardrail,
max_retries,3
retry_count,0
start_time,
end_time,
