Title,URL,Category,Summary,Justification
"<re.Match object; span=(0, 75), match='CDC to disburse delayed funds for fighting fentan>",https://www.npr.org/sections/shots-health-news/2025/08/05/nx-s1-5493279/cdc-funding-freeze-overdose-omb,"Public Health Summary: The CDC is set to release funds that had been previously frozen, including for key overdose prevention programs targeting the fentanyl crisis. Justification: This signals a potential shift in public health policy and resource allocation, indicating a growing recognition of the opioid crisis as a significant and ongoing public health challenge.","The CDC is set to release funds that had been previously frozen, including for key overdose prevention programs targeting the fentanyl crisis. Justification: This signals a potential shift in public health policy and resource allocation, indicating a growing recognition of the opioid crisis as a significant and ongoing public health challenge.","This signals a potential shift in public health policy and resource allocation, indicating a growing recognition of the opioid crisis as a significant and ongoing public health challenge."
"<re.Match object; span=(0, 74), match='Drones delivering coffee? Trump administration wa>",https://www.npr.org/2025/08/05/g-s1-81121/drones-uavs-trump-administration-faa-duffy,"National Summary: The Trump administration is encouraging more companies to use drones for commercial purposes, such as delivering coffee. Justification: This suggests a future where UAV technology becomes increasingly integrated into everyday commerce, potentially transforming delivery services and urban logistics.","The Trump administration is encouraging more companies to use drones for commercial purposes, such as delivering coffee. Justification: This suggests a future where UAV technology becomes increasingly integrated into everyday commerce, potentially transforming delivery services and urban logistics.","This suggests a future where UAV technology becomes increasingly integrated into everyday commerce, potentially transforming delivery services and urban logistics."
"<re.Match object; span=(0, 59), match='4 European countries agree to buy a combined $1 b>",https://www.npr.org/2025/08/05/g-s1-81084/europe-us-weapons-ukraine-russia-war,Ukraine invasion â€” explained Summary: Four European countries have collectively agreed to purchase $1 billion in U.S. weapons to support Ukraine amidst its conflict with Russia. Justification: This development indicates escalating international involvement in regional conflicts and could signal a shift in geopolitical alliances and military strategies.,Four European countries have collectively agreed to purchase $1 billion in U.S. weapons to support Ukraine amidst its conflict with Russia. Justification: This development indicates escalating international involvement in regional conflicts and could signal a shift in geopolitical alliances and military strategies.,This development indicates escalating international involvement in regional conflicts and could signal a shift in geopolitical alliances and military strategies.
"<re.Match object; span=(0, 85), match=""He said, she said, it said: I used ChatGPT as a c>",https://www.npr.org/2025/08/05/nx-s1-5490447/ai-chatgpt-couples-therapy-advice,"Technology Summary: An individual recounts their experience using the AI program ChatGPT as a couple's counselor, exploring the effectiveness of AI in personal therapy. Justification: This article points to the growing role of AI in mental health services and personal counseling, suggesting a future where AI could be a common component in therapeutic practices.","An individual recounts their experience using the AI program ChatGPT as a couple's counselor, exploring the effectiveness of AI in personal therapy. Justification: This article points to the growing role of AI in mental health services and personal counseling, suggesting a future where AI could be a common component in therapeutic practices.","This article points to the growing role of AI in mental health services and personal counseling, suggesting a future where AI could be a common component in therapeutic practices."
"<re.Match object; span=(0, 80), match='State Department may require some visa applicants>",https://www.npr.org/2025/08/04/nx-s1-5492557/state-department-visa-applicants-bond,"Politics Summary: The State Department is considering a pilot program that would require visa applicants from certain countries to post a cash bond of up to $15,000. Justification: This policy change could significantly impact international travel and immigration patterns, reflecting a shift towards more stringent immigration controls.","The State Department is considering a pilot program that would require visa applicants from certain countries to post a cash bond of up to $15,000. Justification: This policy change could significantly impact international travel and immigration patterns, reflecting a shift towards more stringent immigration controls.","This policy change could significantly impact international travel and immigration patterns, reflecting a shift towards more stringent immigration controls."
"<re.Match object; span=(0, 83), match=""Wildfire smoke is like smoking 'half a pack a day>",https://www.npr.org/2025/08/04/nx-s1-5492448/health-michigan-canada-smoke-minnesota-air-quality-wildfire,"Climate Summary: As wildfires become more prevalent, the resulting smoke is compared to smoking half a pack of cigarettes a day, with advice on how to protect oneself. Justification: This highlights the increasing impact of climate change on public health and may signal a future where air quality management becomes a critical component of urban planning and public health policy.","As wildfires become more prevalent, the resulting smoke is compared to smoking half a pack of cigarettes a day, with advice on how to protect oneself. Justification: This highlights the increasing impact of climate change on public health and may signal a future where air quality management becomes a critical component of urban planning and public health policy.",This highlights the increasing impact of climate change on public health and may signal a future where air quality management becomes a critical component of urban planning and public health policy.
"<re.Match object; span=(0, 85), match='Why a NASA satellite that scientists and farmers >",https://www.npr.org/2025/08/04/nx-s1-5453731/nasa-carbon-dioxide-satellite-mission-threatened,"Climate Summary: NASA is considering ending two satellite missions that measure carbon dioxide levels, despite their importance to scientists and farmers. Justification: The potential decommissioning of climate monitoring satellites could indicate a shift in policy priorities and may affect future climate research and agricultural planning.","NASA is considering ending two satellite missions that measure carbon dioxide levels, despite their importance to scientists and farmers. Justification: The potential decommissioning of climate monitoring satellites could indicate a shift in policy priorities and may affect future climate research and agricultural planning.",The potential decommissioning of climate monitoring satellites could indicate a shift in policy priorities and may affect future climate research and agricultural planning.
"<re.Match object; span=(0, 61), match=""Chile's plunging birth rate may foreshadow the fu>",https://www.npr.org/2025/08/03/nx-s1-5476032/chiles-plunging-birth-rate-may-foreshadow-future-in-u-s,"World Summary: Chile's birth rate has dropped to an average of one child per family, a trend that may predict similar demographic changes in the United States. Justification: This demographic shift could have profound implications for global population dynamics, economic growth, and social policy.","Chile's birth rate has dropped to an average of one child per family, a trend that may predict similar demographic changes in the United States. Justification: This demographic shift could have profound implications for global population dynamics, economic growth, and social policy.","This demographic shift could have profound implications for global population dynamics, economic growth, and social policy."
"<re.Match object; span=(0, 52), match='An engineer restores pay phones for free public u>",https://www.npr.org/2025/08/04/nx-s1-5484013/engineer-restores-pay-phones-for-free-public-use,"National Summary: In rural Vermont, an engineer is restoring old pay phones to provide free public communication services in areas with poor cell coverage. Justification: This reflects a grassroots response to connectivity challenges and may signal a resurgence of interest in maintaining public infrastructure for communication in underserved areas.","In rural Vermont, an engineer is restoring old pay phones to provide free public communication services in areas with poor cell coverage. Justification: This reflects a grassroots response to connectivity challenges and may signal a resurgence of interest in maintaining public infrastructure for communication in underserved areas.",This reflects a grassroots response to connectivity challenges and may signal a resurgence of interest in maintaining public infrastructure for communication in underserved areas.
"<re.Match object; span=(0, 74), match='Scientists crack the case of the melting sea star>",https://www.kuow.org/stories/scientists-crack-the-case-of-the-melting-sea-stars-it-only-took-a-decade,"No category found Summary: Researchers have identified the pathogen responsible for a massive outbreak of sea star wasting disease, with implications for marine ecosystems. Justification: This discovery could lead to better management of marine wildlife diseases and highlights the importance of understanding ecological interactions in the face of environmental changes.","Researchers have identified the pathogen responsible for a massive outbreak of sea star wasting disease, with implications for marine ecosystems. Justification: This discovery could lead to better management of marine wildlife diseases and highlights the importance of understanding ecological interactions in the face of environmental changes.",This discovery could lead to better management of marine wildlife diseases and highlights the importance of understanding ecological interactions in the face of environmental changes.
